{
    "total_capital": 30686.018203203144,
    "family_buffer": 31980.212742242205
}